machine_log_id,machine_id,log_date,uptime_minutes,downtime_minutes,downtime_reason
ML0001,MCH007,2026-03-28,339,78,setup
ML0002,MCH006,2026-01-24,315,157,maintenance
ML0003,MCH007,2026-01-13,314,76,breakdown
ML0004,MCH006,2026-02-03,336,105,power_issue
ML0005,MCH004,2026-01-31,330,13,inspection
ML0006,MCH008,2026-03-07,450,60,inspection
ML0007,MCH005,2026-01-08,398,29,breakdown
ML0008,MCH007,2026-01-09,418,141,power_issue
ML0009,MCH004,2026-01-03,307,104,breakdown
ML0010,MCH002,2026-02-01,441,150,inspection
ML0011,MCH005,2026-03-14,466,32,power_issue
ML0012,MCH009,2026-01-27,414,21,setup
ML0013,MCH003,2026-02-01,395,138,inspection
ML0014,MCH008,2026-01-06,408,142,maintenance
ML0015,MCH005,2026-03-25,418,158,setup
ML0016,MCH008,2026-02-04,300,15,inspection
ML0017,MCH007,2026-02-14,364,174,setup
ML0018,MCH005,2026-01-06,449,130,setup
ML0019,MCH002,2026-02-08,436,144,maintenance
ML0020,MCH002,2026-01-18,401,178,inspection
ML0021,MCH004,2026-03-20,371,110,inspection
ML0022,MCH006,2026-03-23,381,174,breakdown
ML0023,MCH004,2026-03-26,415,69,breakdown
ML0024,MCH008,2026-03-18,387,53,breakdown
ML0025,MCH003,2026-03-24,304,177,maintenance
ML0026,MCH001,2026-01-02,455,121,setup
ML0027,MCH008,2026-02-20,405,142,inspection
ML0028,MCH002,2026-03-10,320,166,maintenance
ML0029,MCH002,2026-02-15,471,113,power_issue
ML0030,MCH007,2026-01-23,453,91,maintenance
ML0031,MCH006,2026-01-25,331,118,power_issue
ML0032,MCH001,2026-02-05,302,56,breakdown
ML0033,MCH010,2026-03-22,349,23,breakdown
ML0034,MCH008,2026-02-16,356,59,maintenance
ML0035,MCH010,2026-01-27,371,126,maintenance
ML0036,MCH007,2026-01-15,350,163,breakdown
ML0037,MCH008,2026-01-22,445,128,inspection
ML0038,MCH010,2026-03-28,349,168,inspection
ML0039,MCH002,2026-03-17,444,44,setup
ML0040,MCH005,2026-03-14,316,32,setup
ML0041,MCH004,2026-03-28,433,70,maintenance
ML0042,MCH009,2026-03-20,477,173,breakdown
ML0043,MCH008,2026-01-01,474,143,power_issue
ML0044,MCH001,2026-02-11,464,172,power_issue
ML0045,MCH002,2026-03-29,404,70,inspection
ML0046,MCH006,2026-03-08,419,126,maintenance
ML0047,MCH005,2026-02-23,357,12,inspection
ML0048,MCH001,2026-02-20,414,80,setup
ML0049,MCH010,2026-01-04,385,20,setup
ML0050,MCH002,2026-02-01,476,108,setup
ML0051,MCH005,2026-01-09,342,84,maintenance
ML0052,MCH007,2026-01-04,307,122,inspection
ML0053,MCH005,2026-02-01,460,85,maintenance
ML0054,MCH006,2026-01-07,421,61,breakdown
ML0055,MCH002,2026-03-18,433,60,inspection
ML0056,MCH008,2026-03-16,412,24,maintenance
ML0057,MCH001,2026-02-18,321,15,breakdown
ML0058,MCH003,2026-01-08,477,16,power_issue
ML0059,MCH010,2026-03-22,314,77,power_issue
ML0060,MCH001,2026-03-13,316,26,maintenance
ML0061,MCH007,2026-01-13,375,97,inspection
ML0062,MCH010,2026-03-26,405,59,inspection
ML0063,MCH007,2026-03-01,302,116,power_issue
ML0064,MCH002,2026-02-13,458,158,maintenance
ML0065,MCH006,2026-03-17,416,132,setup
ML0066,MCH001,2026-03-18,327,26,maintenance
ML0067,MCH010,2026-01-17,451,49,inspection
ML0068,MCH007,2026-03-03,365,90,inspection
ML0069,MCH004,2026-01-18,413,47,maintenance
ML0070,MCH005,2026-03-16,315,32,power_issue
ML0071,MCH006,2026-02-09,431,166,inspection
ML0072,MCH003,2026-03-02,438,37,breakdown
ML0073,MCH005,2026-02-17,454,87,maintenance
ML0074,MCH003,2026-01-08,432,150,setup
ML0075,MCH001,2026-02-24,429,143,breakdown
ML0076,MCH004,2026-01-09,350,51,breakdown
ML0077,MCH008,2026-03-30,348,170,power_issue
ML0078,MCH006,2026-03-16,453,177,inspection
ML0079,MCH005,2026-02-23,385,157,breakdown
ML0080,MCH008,2026-01-06,341,26,power_issue
ML0081,MCH004,2026-03-30,356,0,setup
ML0082,MCH004,2026-01-31,419,159,power_issue
ML0083,MCH004,2026-02-21,384,96,setup
ML0084,MCH001,2026-01-10,301,92,breakdown
ML0085,MCH002,2026-01-19,307,142,breakdown
ML0086,MCH010,2026-02-16,412,49,maintenance
ML0087,MCH004,2026-02-06,307,50,setup
ML0088,MCH003,2026-02-13,356,67,inspection
ML0089,MCH004,2026-01-03,362,45,setup
ML0090,MCH001,2026-03-28,367,25,setup
ML0091,MCH002,2026-02-13,397,167,setup
ML0092,MCH004,2026-02-17,378,116,breakdown
ML0093,MCH009,2026-03-21,469,43,power_issue
ML0094,MCH003,2026-01-17,316,30,setup
ML0095,MCH007,2026-03-30,349,136,breakdown
ML0096,MCH007,2026-03-23,381,153,setup
ML0097,MCH010,2026-01-25,311,157,inspection
ML0098,MCH006,2026-02-01,375,38,maintenance
ML0099,MCH003,2026-03-07,461,71,inspection
ML0100,MCH002,2026-03-02,425,53,inspection
ML0101,MCH009,2026-02-19,316,42,inspection
ML0102,MCH009,2026-03-01,395,127,setup
ML0103,MCH009,2026-03-30,382,95,power_issue
ML0104,MCH005,2026-03-16,426,121,power_issue
ML0105,MCH001,2026-01-27,463,149,setup
ML0106,MCH004,2026-02-20,351,115,setup
ML0107,MCH007,2026-03-15,378,108,setup
ML0108,MCH009,2026-01-11,395,65,setup
ML0109,MCH008,2026-03-08,321,75,breakdown
ML0110,MCH001,2026-03-01,358,149,inspection
ML0111,MCH007,2026-02-27,459,86,power_issue
ML0112,MCH006,2026-03-05,410,104,breakdown
ML0113,MCH001,2026-01-23,369,97,power_issue
ML0114,MCH002,2026-02-15,359,67,maintenance
ML0115,MCH009,2026-03-11,375,128,maintenance
ML0116,MCH002,2026-01-16,370,58,maintenance
ML0117,MCH009,2026-01-26,392,9,breakdown
ML0118,MCH006,2026-02-02,350,172,breakdown
ML0119,MCH004,2026-04-01,474,70,inspection
ML0120,MCH005,2026-01-02,335,139,breakdown
ML0121,MCH007,2026-02-21,372,88,inspection
ML0122,MCH008,2026-03-25,467,3,inspection
ML0123,MCH004,2026-01-30,338,101,setup
ML0124,MCH009,2026-03-17,421,59,inspection
ML0125,MCH006,2026-01-11,419,118,breakdown
ML0126,MCH007,2026-01-27,348,109,power_issue
ML0127,MCH001,2026-02-17,415,142,setup
ML0128,MCH005,2026-01-02,447,32,power_issue
ML0129,MCH006,2026-01-29,468,90,power_issue
ML0130,MCH007,2026-03-30,408,175,inspection
ML0131,MCH010,2026-01-03,376,83,inspection
ML0132,MCH003,2026-02-12,308,35,inspection
ML0133,MCH010,2026-03-15,461,154,power_issue
ML0134,MCH007,2026-01-09,397,52,inspection
ML0135,MCH008,2026-01-14,398,48,breakdown
ML0136,MCH005,2026-01-12,445,115,setup
ML0137,MCH009,2026-01-23,326,172,maintenance
ML0138,MCH008,2026-01-04,476,154,setup
ML0139,MCH007,2026-02-06,350,17,setup
ML0140,MCH009,2026-01-09,359,74,power_issue
ML0141,MCH009,2026-01-02,314,94,setup
ML0142,MCH007,2026-01-21,383,105,maintenance
ML0143,MCH007,2026-03-03,333,137,maintenance
ML0144,MCH003,2026-01-27,399,52,breakdown
ML0145,MCH008,2026-01-21,410,170,inspection
ML0146,MCH010,2026-01-26,447,79,inspection
ML0147,MCH005,2026-01-26,475,117,maintenance
ML0148,MCH002,2026-02-21,336,114,inspection
ML0149,MCH006,2026-03-14,363,134,power_issue
ML0150,MCH010,2026-01-06,417,118,maintenance
ML0151,MCH008,2026-02-14,373,165,breakdown
ML0152,MCH003,2026-02-23,400,156,setup
ML0153,MCH007,2026-02-28,345,158,power_issue
ML0154,MCH010,2026-01-13,468,46,power_issue
ML0155,MCH004,2026-01-21,478,11,breakdown
ML0156,MCH005,2026-03-27,460,137,maintenance
ML0157,MCH008,2026-02-22,478,55,inspection
ML0158,MCH002,2026-01-14,331,94,inspection
ML0159,MCH008,2026-01-22,383,104,breakdown
ML0160,MCH001,2026-03-01,353,129,maintenance
ML0161,MCH008,2026-02-18,318,163,breakdown
ML0162,MCH007,2026-01-05,402,49,maintenance
ML0163,MCH003,2026-02-11,364,29,power_issue
ML0164,MCH002,2026-01-11,424,118,inspection
ML0165,MCH008,2026-01-18,468,62,power_issue
ML0166,MCH003,2026-01-03,371,41,inspection
ML0167,MCH005,2026-01-16,325,45,inspection
ML0168,MCH002,2026-03-27,400,43,maintenance
ML0169,MCH003,2026-02-26,473,69,breakdown
ML0170,MCH001,2026-03-28,345,55,inspection
ML0171,MCH001,2026-03-23,355,113,inspection
ML0172,MCH002,2026-02-19,464,169,breakdown
ML0173,MCH010,2026-01-01,413,13,maintenance
ML0174,MCH004,2026-02-17,396,51,setup
ML0175,MCH001,2026-02-23,351,23,maintenance
ML0176,MCH004,2026-03-29,303,86,maintenance
ML0177,MCH003,2026-01-22,356,24,maintenance
ML0178,MCH002,2026-02-11,406,131,breakdown
ML0179,MCH004,2026-03-21,443,160,setup
ML0180,MCH007,2026-01-16,438,101,setup
ML0181,MCH006,2026-02-11,354,27,setup
ML0182,MCH006,2026-01-02,303,102,power_issue
ML0183,MCH004,2026-01-09,354,117,breakdown
ML0184,MCH006,2026-01-06,466,159,maintenance
ML0185,MCH005,2026-03-18,355,105,power_issue
ML0186,MCH010,2026-01-22,326,137,breakdown
ML0187,MCH006,2026-03-22,324,153,power_issue
ML0188,MCH003,2026-02-12,473,177,setup
ML0189,MCH006,2026-03-27,462,176,power_issue
ML0190,MCH001,2026-03-19,317,85,inspection
ML0191,MCH009,2026-03-23,414,97,setup
ML0192,MCH001,2026-01-30,428,150,maintenance
ML0193,MCH005,2026-01-31,457,31,power_issue
ML0194,MCH002,2026-01-08,362,158,setup
ML0195,MCH005,2026-01-26,395,127,setup
ML0196,MCH001,2026-01-31,396,52,inspection
ML0197,MCH003,2026-02-05,413,84,breakdown
ML0198,MCH009,2026-02-23,464,10,breakdown
ML0199,MCH006,2026-02-13,306,58,setup
ML0200,MCH001,2026-03-27,352,138,setup
ML0201,MCH004,2026-03-19,475,178,power_issue
ML0202,MCH003,2026-02-26,433,82,maintenance
ML0203,MCH002,2026-01-25,316,125,maintenance
ML0204,MCH004,2026-01-17,462,36,maintenance
ML0205,MCH009,2026-01-27,344,151,setup
ML0206,MCH007,2026-03-01,429,20,breakdown
ML0207,MCH004,2026-02-24,342,50,setup
ML0208,MCH005,2026-02-06,455,63,inspection
ML0209,MCH004,2026-02-04,414,162,power_issue
ML0210,MCH007,2026-02-18,320,92,setup
ML0211,MCH007,2026-03-06,420,112,inspection
ML0212,MCH008,2026-01-03,410,39,power_issue
ML0213,MCH005,2026-03-18,409,21,inspection
ML0214,MCH003,2026-02-02,339,141,power_issue
ML0215,MCH008,2026-02-06,418,78,power_issue
ML0216,MCH008,2026-01-10,443,155,breakdown
ML0217,MCH004,2026-01-20,334,120,setup
ML0218,MCH009,2026-02-17,301,3,power_issue
ML0219,MCH007,2026-02-17,403,106,power_issue
ML0220,MCH010,2026-01-10,425,78,power_issue
ML0221,MCH007,2026-03-14,309,31,setup
ML0222,MCH005,2026-02-14,349,111,inspection
ML0223,MCH006,2026-03-31,425,162,maintenance
ML0224,MCH007,2026-02-01,466,98,setup
ML0225,MCH006,2026-03-22,422,8,maintenance
ML0226,MCH003,2026-02-03,478,170,inspection
ML0227,MCH003,2026-02-02,416,174,setup
ML0228,MCH003,2026-01-02,454,148,maintenance
ML0229,MCH007,2026-02-20,323,164,inspection
ML0230,MCH004,2026-02-24,320,132,setup
ML0231,MCH005,2026-03-06,409,64,inspection
ML0232,MCH010,2026-02-09,468,97,power_issue
ML0233,MCH010,2026-02-14,322,27,setup
ML0234,MCH007,2026-03-31,368,53,breakdown
ML0235,MCH008,2026-01-01,301,43,maintenance
ML0236,MCH007,2026-03-09,317,178,power_issue
ML0237,MCH007,2026-01-22,467,73,setup
ML0238,MCH003,2026-01-26,395,47,power_issue
ML0239,MCH002,2026-02-27,346,128,inspection
ML0240,MCH004,2026-01-08,354,47,setup
ML0241,MCH007,2026-02-26,349,66,inspection
ML0242,MCH003,2026-01-11,327,162,breakdown
ML0243,MCH002,2026-02-05,321,96,maintenance
ML0244,MCH010,2026-01-31,387,7,power_issue
ML0245,MCH002,2026-01-02,424,172,maintenance
ML0246,MCH010,2026-01-06,368,1,maintenance
ML0247,MCH001,2026-02-18,354,133,inspection
ML0248,MCH008,2026-03-02,433,68,breakdown
ML0249,MCH006,2026-02-17,454,109,breakdown
ML0250,MCH006,2026-03-27,380,61,power_issue
ML0251,MCH001,2026-02-15,396,156,breakdown
ML0252,MCH008,2026-03-31,325,0,power_issue
ML0253,MCH010,2026-01-16,335,6,inspection
ML0254,MCH004,2026-02-17,371,179,power_issue
ML0255,MCH008,2026-03-07,458,175,power_issue
ML0256,MCH001,2026-03-23,469,48,breakdown
ML0257,MCH006,2026-01-06,304,162,breakdown
ML0258,MCH004,2026-03-19,473,113,power_issue
ML0259,MCH002,2026-02-14,402,156,power_issue
ML0260,MCH002,2026-02-19,421,168,breakdown
ML0261,MCH003,2026-03-08,455,49,inspection
ML0262,MCH003,2026-03-05,429,8,maintenance
ML0263,MCH009,2026-03-01,377,172,setup
ML0264,MCH008,2026-03-26,414,29,inspection
ML0265,MCH004,2026-01-22,361,62,maintenance
ML0266,MCH001,2026-01-21,327,111,breakdown
ML0267,MCH004,2026-02-02,398,71,power_issue
ML0268,MCH003,2026-03-10,471,31,power_issue
ML0269,MCH006,2026-01-29,323,177,inspection
ML0270,MCH006,2026-02-18,453,16,power_issue
ML0271,MCH009,2026-02-25,467,164,setup
ML0272,MCH002,2026-02-07,357,66,maintenance
ML0273,MCH006,2026-03-17,328,22,setup
ML0274,MCH006,2026-01-17,329,146,breakdown
ML0275,MCH001,2026-02-09,397,147,maintenance
ML0276,MCH004,2026-02-19,451,137,power_issue
ML0277,MCH003,2026-03-08,381,93,inspection
ML0278,MCH002,2026-02-20,451,56,maintenance
ML0279,MCH006,2026-01-19,437,117,breakdown
ML0280,MCH008,2026-01-19,356,127,inspection
ML0281,MCH001,2026-03-18,372,37,breakdown
ML0282,MCH002,2026-02-05,379,128,inspection
ML0283,MCH004,2026-03-05,422,161,breakdown
ML0284,MCH001,2026-02-12,480,96,setup
ML0285,MCH001,2026-01-23,353,57,power_issue
ML0286,MCH003,2026-01-03,400,76,inspection
ML0287,MCH007,2026-03-28,400,86,power_issue
ML0288,MCH007,2026-01-10,389,100,inspection
ML0289,MCH004,2026-03-31,372,72,inspection
ML0290,MCH003,2026-02-11,400,24,inspection
ML0291,MCH008,2026-03-25,313,77,setup
ML0292,MCH008,2026-03-31,447,35,power_issue
ML0293,MCH004,2026-01-28,374,37,setup
ML0294,MCH006,2026-03-15,466,2,maintenance
ML0295,MCH007,2026-02-24,473,37,setup
ML0296,MCH006,2026-03-02,314,24,setup
ML0297,MCH009,2026-03-25,313,30,breakdown
ML0298,MCH003,2026-03-22,451,111,power_issue
ML0299,MCH002,2026-01-31,362,8,power_issue
ML0300,MCH010,2026-01-23,425,77,power_issue
ML0301,MCH002,2026-03-01,477,171,power_issue
ML0302,MCH008,2026-02-17,370,161,maintenance
ML0303,MCH002,2026-01-16,330,29,power_issue
ML0304,MCH009,2026-01-29,464,171,maintenance
ML0305,MCH010,2026-03-03,450,146,breakdown
ML0306,MCH010,2026-01-24,477,24,power_issue
ML0307,MCH007,2026-02-08,423,165,inspection
ML0308,MCH006,2026-01-09,332,25,inspection
ML0309,MCH001,2026-02-20,347,103,inspection
ML0310,MCH008,2026-01-09,437,135,inspection
ML0311,MCH002,2026-01-27,449,137,maintenance
ML0312,MCH003,2026-01-01,346,153,inspection
ML0313,MCH002,2026-01-06,414,80,setup
ML0314,MCH003,2026-01-12,447,52,inspection
ML0315,MCH002,2026-01-16,365,8,inspection
ML0316,MCH009,2026-01-22,376,93,power_issue
ML0317,MCH004,2026-02-08,468,0,maintenance
ML0318,MCH009,2026-02-26,432,75,setup
ML0319,MCH006,2026-03-08,447,125,breakdown
ML0320,MCH009,2026-01-27,455,137,maintenance
ML0321,MCH004,2026-01-05,469,11,setup
ML0322,MCH004,2026-01-18,336,76,inspection
ML0323,MCH010,2026-02-15,441,55,breakdown
ML0324,MCH007,2026-01-10,332,159,inspection
ML0325,MCH007,2026-03-25,365,66,setup
ML0326,MCH002,2026-02-02,402,116,power_issue
ML0327,MCH009,2026-01-27,477,36,maintenance
ML0328,MCH004,2026-02-17,461,68,inspection
ML0329,MCH009,2026-03-19,468,165,setup
ML0330,MCH006,2026-02-25,407,39,power_issue
ML0331,MCH004,2026-01-10,306,154,breakdown
ML0332,MCH002,2026-03-29,331,136,inspection
ML0333,MCH006,2026-03-23,404,16,maintenance
ML0334,MCH005,2026-01-19,392,85,setup
ML0335,MCH002,2026-02-18,370,2,setup
ML0336,MCH002,2026-01-23,396,26,inspection
ML0337,MCH008,2026-01-13,378,150,inspection
ML0338,MCH010,2026-02-06,389,179,inspection
ML0339,MCH002,2026-01-07,369,155,setup
ML0340,MCH003,2026-02-14,381,99,inspection
ML0341,MCH007,2026-03-03,441,152,inspection
ML0342,MCH001,2026-03-29,332,66,inspection
ML0343,MCH003,2026-01-19,339,168,power_issue
ML0344,MCH001,2026-03-23,445,68,breakdown
ML0345,MCH010,2026-02-23,363,173,power_issue
ML0346,MCH006,2026-03-01,346,112,inspection
ML0347,MCH007,2026-03-08,373,70,setup
ML0348,MCH002,2026-02-09,378,162,power_issue
ML0349,MCH002,2026-01-10,380,23,setup
ML0350,MCH010,2026-01-08,323,42,maintenance
ML0351,MCH008,2026-01-02,373,141,power_issue
ML0352,MCH003,2026-03-03,473,130,power_issue
ML0353,MCH009,2026-03-31,431,175,maintenance
ML0354,MCH010,2026-01-25,403,3,maintenance
ML0355,MCH009,2026-02-14,408,179,setup
ML0356,MCH010,2026-01-06,469,135,inspection
ML0357,MCH009,2026-01-29,414,43,setup
ML0358,MCH003,2026-03-07,319,93,breakdown
ML0359,MCH008,2026-02-18,313,108,setup
ML0360,MCH006,2026-03-28,395,28,setup
ML0361,MCH005,2026-02-08,438,30,power_issue
ML0362,MCH004,2026-01-01,375,67,inspection
ML0363,MCH005,2026-03-24,400,55,inspection
ML0364,MCH010,2026-03-04,309,118,maintenance
ML0365,MCH010,2026-02-28,391,1,breakdown
ML0366,MCH002,2026-01-01,376,90,breakdown
ML0367,MCH006,2026-01-02,347,102,maintenance
ML0368,MCH004,2026-01-11,410,125,inspection
ML0369,MCH007,2026-01-16,431,39,power_issue
ML0370,MCH005,2026-01-29,301,39,power_issue
ML0371,MCH005,2026-02-16,401,95,power_issue
ML0372,MCH005,2026-01-14,346,137,power_issue
ML0373,MCH003,2026-01-18,468,112,breakdown
ML0374,MCH006,2026-04-01,411,1,setup
ML0375,MCH005,2026-01-06,328,48,setup
ML0376,MCH006,2026-01-05,401,107,setup
ML0377,MCH008,2026-03-27,470,50,breakdown
ML0378,MCH008,2026-03-12,330,107,power_issue
ML0379,MCH006,2026-02-21,474,32,inspection
ML0380,MCH002,2026-01-14,399,33,maintenance
ML0381,MCH006,2026-03-06,332,39,maintenance
ML0382,MCH001,2026-03-28,475,60,breakdown
ML0383,MCH001,2026-02-25,409,152,power_issue
ML0384,MCH008,2026-01-11,374,72,power_issue
ML0385,MCH003,2026-03-07,363,158,setup
ML0386,MCH002,2026-02-03,363,71,setup
ML0387,MCH004,2026-03-02,470,109,maintenance
ML0388,MCH010,2026-01-24,479,128,setup
ML0389,MCH003,2026-01-30,451,161,maintenance
ML0390,MCH001,2026-02-05,333,102,setup
ML0391,MCH001,2026-03-20,337,109,setup
ML0392,MCH007,2026-02-22,323,13,inspection
ML0393,MCH004,2026-01-29,378,179,breakdown
ML0394,MCH001,2026-03-07,409,122,power_issue
ML0395,MCH005,2026-01-15,464,13,breakdown
ML0396,MCH006,2026-02-23,393,71,setup
ML0397,MCH003,2026-01-06,381,12,maintenance
ML0398,MCH006,2026-01-28,313,169,breakdown
ML0399,MCH010,2026-01-13,420,71,power_issue
ML0400,MCH008,2026-02-16,347,64,breakdown
ML0401,MCH002,2026-03-27,377,28,maintenance
ML0402,MCH003,2026-02-12,474,141,breakdown
ML0403,MCH009,2026-03-19,392,150,breakdown
ML0404,MCH005,2026-01-27,360,166,inspection
ML0405,MCH002,2026-01-17,398,22,inspection
ML0406,MCH010,2026-03-25,330,10,setup
ML0407,MCH008,2026-01-13,349,180,maintenance
ML0408,MCH006,2026-02-08,439,158,power_issue
ML0409,MCH003,2026-01-06,351,136,setup
ML0410,MCH009,2026-02-02,349,107,inspection
ML0411,MCH008,2026-03-22,388,93,maintenance
ML0412,MCH008,2026-02-23,411,17,inspection
ML0413,MCH003,2026-03-18,428,5,breakdown
ML0414,MCH005,2026-01-06,478,33,inspection
ML0415,MCH004,2026-02-20,315,177,power_issue
ML0416,MCH009,2026-01-10,475,136,setup
ML0417,MCH007,2026-03-13,412,130,power_issue
ML0418,MCH005,2026-01-27,402,155,setup
ML0419,MCH010,2026-01-28,300,40,inspection
ML0420,MCH009,2026-02-28,478,2,inspection
ML0421,MCH005,2026-01-29,434,66,breakdown
ML0422,MCH002,2026-01-22,368,141,setup
ML0423,MCH004,2026-02-07,311,136,maintenance
ML0424,MCH005,2026-01-18,463,37,breakdown
ML0425,MCH004,2026-01-27,313,164,inspection
ML0426,MCH006,2026-03-22,329,0,inspection
ML0427,MCH002,2026-04-01,394,83,inspection
ML0428,MCH007,2026-03-20,367,34,breakdown
ML0429,MCH001,2026-02-15,383,14,setup
ML0430,MCH005,2026-01-03,371,45,inspection
ML0431,MCH002,2026-03-30,468,149,power_issue
ML0432,MCH010,2026-03-12,467,65,setup
ML0433,MCH006,2026-02-04,413,56,setup
ML0434,MCH007,2026-01-20,448,161,power_issue
ML0435,MCH006,2026-01-19,359,111,power_issue
ML0436,MCH003,2026-02-28,323,126,setup
ML0437,MCH010,2026-03-04,345,48,setup
ML0438,MCH001,2026-02-09,465,72,setup
ML0439,MCH010,2026-01-25,345,100,maintenance
ML0440,MCH007,2026-02-01,336,18,power_issue
ML0441,MCH002,2026-03-09,465,103,setup
ML0442,MCH002,2026-02-18,303,154,power_issue
ML0443,MCH001,2026-03-24,305,28,maintenance
ML0444,MCH002,2026-02-04,333,63,setup
ML0445,MCH001,2026-01-02,460,153,maintenance
ML0446,MCH002,2026-01-26,438,86,setup
ML0447,MCH008,2026-01-21,422,144,breakdown
ML0448,MCH003,2026-02-01,384,122,maintenance
ML0449,MCH005,2026-03-22,439,177,inspection
ML0450,MCH001,2026-01-14,331,5,inspection
ML0451,MCH009,2026-02-23,375,26,setup
ML0452,MCH001,2026-01-30,300,57,power_issue
ML0453,MCH006,2026-03-25,398,37,breakdown
ML0454,MCH007,2026-03-29,357,175,maintenance
ML0455,MCH002,2026-01-29,425,43,maintenance
ML0456,MCH002,2026-03-20,372,91,breakdown
ML0457,MCH002,2026-01-06,330,92,inspection
ML0458,MCH007,2026-03-09,338,45,breakdown
ML0459,MCH007,2026-01-20,453,46,breakdown
ML0460,MCH006,2026-01-14,459,73,breakdown
ML0461,MCH006,2026-02-03,427,169,maintenance
ML0462,MCH003,2026-02-10,300,38,setup
ML0463,MCH008,2026-01-09,399,114,maintenance
ML0464,MCH005,2026-01-19,447,109,maintenance
ML0465,MCH003,2026-02-19,382,32,breakdown
ML0466,MCH007,2026-03-03,381,126,power_issue
ML0467,MCH006,2026-01-18,454,162,setup
ML0468,MCH009,2026-03-05,398,107,inspection
ML0469,MCH009,2026-03-10,436,126,setup
ML0470,MCH010,2026-02-23,398,21,inspection
ML0471,MCH004,2026-03-31,447,177,maintenance
ML0472,MCH001,2026-01-27,360,92,maintenance
ML0473,MCH008,2026-01-18,392,142,maintenance
ML0474,MCH006,2026-01-18,315,89,breakdown
ML0475,MCH009,2026-02-23,417,36,setup
ML0476,MCH001,2026-01-18,353,57,maintenance
ML0477,MCH003,2026-02-18,478,180,maintenance
ML0478,MCH006,2026-01-07,478,108,maintenance
ML0479,MCH002,2026-03-03,469,148,inspection
ML0480,MCH003,2026-02-16,340,7,setup
ML0481,MCH002,2026-01-02,320,62,inspection
ML0482,MCH003,2026-03-02,406,38,setup
ML0483,MCH005,2026-03-02,435,178,power_issue
ML0484,MCH001,2026-02-06,386,113,maintenance
ML0485,MCH001,2026-03-19,339,15,setup
ML0486,MCH001,2026-02-20,428,41,power_issue
ML0487,MCH009,2026-02-03,474,116,inspection
ML0488,MCH004,2026-02-24,428,78,setup
ML0489,MCH009,2026-02-18,369,23,setup
ML0490,MCH010,2026-01-08,354,102,setup
ML0491,MCH009,2026-03-19,400,47,maintenance
ML0492,MCH008,2026-02-10,477,119,power_issue
ML0493,MCH001,2026-02-17,397,42,power_issue
ML0494,MCH002,2026-01-14,349,69,maintenance
ML0495,MCH006,2026-01-04,392,154,setup
ML0496,MCH009,2026-01-14,372,41,maintenance
ML0497,MCH001,2026-02-09,354,152,setup
ML0498,MCH001,2026-01-31,441,51,breakdown
ML0499,MCH010,2026-01-06,321,145,inspection
ML0500,MCH001,2026-02-10,423,11,maintenance
ML0501,MCH006,2026-02-06,379,2,power_issue
ML0502,MCH006,2026-02-20,428,49,breakdown
ML0503,MCH002,2026-02-12,333,179,power_issue
ML0504,MCH009,2026-01-20,428,25,maintenance
ML0505,MCH008,2026-03-17,450,97,maintenance
ML0506,MCH003,2026-03-29,374,41,power_issue
ML0507,MCH002,2026-01-30,320,160,setup
ML0508,MCH003,2026-01-21,474,167,inspection
ML0509,MCH009,2026-02-13,432,155,power_issue
ML0510,MCH005,2026-02-16,333,86,inspection
ML0511,MCH007,2026-01-31,410,10,setup
ML0512,MCH002,2026-01-20,456,155,inspection
ML0513,MCH002,2026-01-02,460,127,setup
ML0514,MCH002,2026-03-05,379,140,maintenance
ML0515,MCH003,2026-02-07,416,80,setup
ML0516,MCH010,2026-02-16,317,71,breakdown
ML0517,MCH003,2026-04-01,322,18,power_issue
ML0518,MCH005,2026-02-26,366,121,setup
ML0519,MCH008,2026-01-06,331,145,breakdown
ML0520,MCH007,2026-03-21,373,102,setup
ML0521,MCH009,2026-03-21,412,93,breakdown
ML0522,MCH007,2026-03-06,395,21,power_issue
ML0523,MCH001,2026-03-21,367,174,maintenance
ML0524,MCH009,2026-01-02,362,179,setup
ML0525,MCH007,2026-01-21,326,74,inspection
ML0526,MCH004,2026-02-19,402,18,power_issue
ML0527,MCH006,2026-03-01,471,23,power_issue
ML0528,MCH008,2026-01-14,464,136,maintenance
ML0529,MCH007,2026-02-25,346,27,setup
ML0530,MCH002,2026-02-10,402,84,breakdown
ML0531,MCH004,2026-03-31,454,124,power_issue
ML0532,MCH008,2026-01-05,329,71,inspection
ML0533,MCH003,2026-03-23,339,120,setup
ML0534,MCH001,2026-03-18,381,145,power_issue
ML0535,MCH007,2026-03-02,315,92,setup
ML0536,MCH001,2026-03-29,313,54,power_issue
ML0537,MCH003,2026-01-11,369,64,setup
ML0538,MCH007,2026-01-11,317,70,breakdown
ML0539,MCH009,2026-01-28,415,107,breakdown
ML0540,MCH002,2026-02-24,347,13,breakdown
ML0541,MCH004,2026-02-14,376,42,power_issue
ML0542,MCH009,2026-03-30,423,121,setup
ML0543,MCH006,2026-03-30,478,111,inspection
ML0544,MCH009,2026-03-18,399,2,setup
ML0545,MCH010,2026-03-20,319,170,setup
ML0546,MCH006,2026-01-02,382,170,setup
ML0547,MCH008,2026-02-10,417,37,maintenance
ML0548,MCH005,2026-03-08,472,104,maintenance
ML0549,MCH008,2026-03-23,415,32,inspection
ML0550,MCH004,2026-01-25,324,9,power_issue
ML0551,MCH003,2026-03-18,478,139,power_issue
ML0552,MCH004,2026-01-25,355,89,inspection
ML0553,MCH006,2026-01-03,303,94,breakdown
ML0554,MCH002,2026-03-31,378,128,power_issue
ML0555,MCH007,2026-02-22,466,116,breakdown
ML0556,MCH007,2026-03-08,390,138,breakdown
ML0557,MCH008,2026-02-24,329,45,breakdown
ML0558,MCH010,2026-01-21,345,141,inspection
ML0559,MCH005,2026-03-26,411,97,power_issue
ML0560,MCH010,2026-01-13,462,72,maintenance
ML0561,MCH001,2026-03-20,326,22,power_issue
ML0562,MCH010,2026-03-11,326,127,maintenance
ML0563,MCH009,2026-03-16,462,113,maintenance
ML0564,MCH007,2026-01-28,470,74,setup
ML0565,MCH007,2026-01-15,416,141,setup
ML0566,MCH006,2026-03-01,420,31,power_issue
ML0567,MCH007,2026-01-01,465,180,breakdown
ML0568,MCH005,2026-02-04,357,129,breakdown
ML0569,MCH004,2026-01-01,378,106,power_issue
ML0570,MCH001,2026-01-20,308,3,breakdown
ML0571,MCH006,2026-02-12,432,153,setup
ML0572,MCH004,2026-03-13,446,110,power_issue
ML0573,MCH007,2026-01-07,349,157,inspection
ML0574,MCH007,2026-01-23,409,32,power_issue
ML0575,MCH003,2026-02-25,381,132,setup
ML0576,MCH009,2026-01-16,325,32,inspection
ML0577,MCH005,2026-03-12,400,160,setup
ML0578,MCH002,2026-01-12,382,52,maintenance
ML0579,MCH010,2026-01-20,411,2,maintenance
ML0580,MCH002,2026-03-15,458,139,power_issue
ML0581,MCH008,2026-03-23,306,33,breakdown
ML0582,MCH004,2026-02-08,347,61,setup
ML0583,MCH007,2026-02-03,437,62,maintenance
ML0584,MCH003,2026-03-22,370,21,maintenance
ML0585,MCH002,2026-01-15,463,148,power_issue
ML0586,MCH002,2026-01-19,452,31,breakdown
ML0587,MCH002,2026-01-10,367,46,power_issue
ML0588,MCH007,2026-01-13,392,53,power_issue
ML0589,MCH002,2026-03-04,305,105,maintenance
ML0590,MCH007,2026-02-18,353,175,breakdown
ML0591,MCH003,2026-01-24,462,115,breakdown
ML0592,MCH010,2026-03-22,302,45,inspection
ML0593,MCH006,2026-02-14,308,30,power_issue
ML0594,MCH009,2026-01-01,457,153,setup
ML0595,MCH002,2026-01-25,433,65,inspection
ML0596,MCH001,2026-03-08,307,137,inspection
ML0597,MCH006,2026-01-15,339,55,setup
ML0598,MCH003,2026-01-29,307,83,maintenance
ML0599,MCH005,2026-02-05,477,32,power_issue
ML0600,MCH006,2026-04-01,351,23,inspection
ML0601,MCH008,2026-03-05,466,75,power_issue
ML0602,MCH004,2026-02-02,431,102,setup
ML0603,MCH005,2026-02-20,350,175,maintenance
ML0604,MCH005,2026-01-22,449,150,setup
ML0605,MCH008,2026-02-24,424,110,inspection
ML0606,MCH010,2026-01-14,369,81,inspection
ML0607,MCH004,2026-03-14,398,109,breakdown
ML0608,MCH002,2026-02-27,395,161,setup
ML0609,MCH005,2026-03-17,308,130,power_issue
ML0610,MCH009,2026-02-15,375,154,power_issue
ML0611,MCH003,2026-02-11,307,29,power_issue
ML0612,MCH004,2026-01-10,347,91,setup
ML0613,MCH006,2026-01-19,468,95,breakdown
ML0614,MCH006,2026-03-30,331,2,maintenance
ML0615,MCH008,2026-03-14,384,54,breakdown
ML0616,MCH002,2026-02-19,359,143,breakdown
ML0617,MCH009,2026-01-28,454,54,maintenance
ML0618,MCH010,2026-03-27,443,71,maintenance
ML0619,MCH007,2026-03-29,446,165,power_issue
ML0620,MCH004,2026-01-26,381,81,maintenance
ML0621,MCH001,2026-02-05,426,127,power_issue
ML0622,MCH008,2026-01-22,330,31,inspection
ML0623,MCH007,2026-01-31,383,151,inspection
ML0624,MCH001,2026-03-24,305,72,inspection
ML0625,MCH005,2026-01-17,301,118,power_issue
ML0626,MCH009,2026-01-06,309,136,breakdown
ML0627,MCH002,2026-03-02,465,4,maintenance
ML0628,MCH005,2026-02-10,406,77,breakdown
ML0629,MCH009,2026-02-10,402,20,power_issue
ML0630,MCH007,2026-02-08,456,12,power_issue
ML0631,MCH002,2026-02-17,426,164,inspection
ML0632,MCH004,2026-01-07,326,7,maintenance
ML0633,MCH006,2026-03-30,335,26,power_issue
ML0634,MCH002,2026-01-25,357,43,breakdown
ML0635,MCH001,2026-02-03,437,1,maintenance
ML0636,MCH005,2026-01-10,328,12,breakdown
ML0637,MCH010,2026-02-18,384,176,breakdown
ML0638,MCH003,2026-03-16,478,43,power_issue
ML0639,MCH006,2026-01-19,330,32,inspection
ML0640,MCH008,2026-03-27,405,163,maintenance
ML0641,MCH004,2026-03-15,433,135,power_issue
ML0642,MCH005,2026-02-11,469,125,power_issue
ML0643,MCH005,2026-02-07,357,23,maintenance
ML0644,MCH004,2026-03-26,390,142,setup
ML0645,MCH002,2026-03-05,477,19,maintenance
ML0646,MCH004,2026-03-01,354,3,power_issue
ML0647,MCH002,2026-02-13,348,124,setup
ML0648,MCH009,2026-02-10,451,135,breakdown
ML0649,MCH003,2026-03-06,416,167,maintenance
ML0650,MCH006,2026-02-19,333,56,power_issue
ML0651,MCH004,2026-02-21,458,131,setup
ML0652,MCH007,2026-01-22,317,71,breakdown
ML0653,MCH002,2026-01-19,447,165,power_issue
ML0654,MCH004,2026-01-03,327,28,power_issue
ML0655,MCH001,2026-03-02,347,68,inspection
ML0656,MCH005,2026-01-16,415,90,inspection
ML0657,MCH007,2026-01-28,321,90,setup
ML0658,MCH007,2026-03-07,401,128,breakdown
ML0659,MCH005,2026-02-17,313,112,maintenance
ML0660,MCH007,2026-02-24,312,166,setup
ML0661,MCH007,2026-01-23,375,48,inspection
ML0662,MCH010,2026-03-05,370,135,inspection
ML0663,MCH001,2026-03-24,410,27,setup
ML0664,MCH002,2026-01-07,328,56,maintenance
ML0665,MCH004,2026-01-09,447,68,inspection
ML0666,MCH004,2026-03-21,325,70,power_issue
ML0667,MCH002,2026-01-29,400,100,breakdown
ML0668,MCH003,2026-01-27,426,52,breakdown
ML0669,MCH010,2026-02-06,463,73,maintenance
ML0670,MCH009,2026-03-31,324,47,inspection
ML0671,MCH004,2026-01-22,422,78,breakdown
ML0672,MCH003,2026-01-24,474,17,breakdown
ML0673,MCH001,2026-03-27,416,36,power_issue
ML0674,MCH001,2026-01-23,409,85,breakdown
ML0675,MCH001,2026-03-18,319,43,breakdown
ML0676,MCH001,2026-03-04,421,149,setup
ML0677,MCH001,2026-01-03,420,28,inspection
ML0678,MCH004,2026-03-09,474,74,inspection
ML0679,MCH002,2026-01-13,342,37,breakdown
ML0680,MCH008,2026-02-14,385,115,inspection
ML0681,MCH008,2026-02-02,365,169,breakdown
ML0682,MCH006,2026-02-08,417,3,breakdown
ML0683,MCH010,2026-03-03,432,169,maintenance
ML0684,MCH009,2026-03-23,369,175,maintenance
ML0685,MCH004,2026-03-26,337,105,setup
ML0686,MCH001,2026-02-01,391,127,inspection
ML0687,MCH006,2026-01-27,478,110,maintenance
ML0688,MCH002,2026-02-05,349,96,inspection
ML0689,MCH003,2026-02-03,415,134,breakdown
ML0690,MCH010,2026-02-23,384,100,breakdown
ML0691,MCH001,2026-03-16,379,48,inspection
ML0692,MCH010,2026-01-16,479,87,power_issue
ML0693,MCH006,2026-02-06,416,145,maintenance
ML0694,MCH003,2026-03-01,302,127,setup
ML0695,MCH010,2026-03-13,433,74,setup
ML0696,MCH005,2026-01-09,377,124,breakdown
ML0697,MCH001,2026-01-28,303,116,breakdown
ML0698,MCH001,2026-03-04,451,31,breakdown
ML0699,MCH006,2026-03-26,301,110,maintenance
ML0700,MCH003,2026-02-14,312,64,breakdown
ML0701,MCH009,2026-01-20,428,170,maintenance
ML0702,MCH004,2026-02-25,369,36,inspection
ML0703,MCH004,2026-01-05,320,74,power_issue
ML0704,MCH007,2026-02-24,390,63,power_issue
ML0705,MCH005,2026-03-18,325,66,breakdown
ML0706,MCH007,2026-03-28,344,144,breakdown
ML0707,MCH004,2026-02-02,448,35,setup
ML0708,MCH004,2026-02-08,406,141,breakdown
ML0709,MCH010,2026-03-22,321,76,power_issue
ML0710,MCH007,2026-02-25,439,46,maintenance
ML0711,MCH008,2026-03-30,335,134,breakdown
ML0712,MCH006,2026-03-01,428,175,breakdown
ML0713,MCH007,2026-02-22,409,119,power_issue
ML0714,MCH001,2026-02-23,307,143,maintenance
ML0715,MCH005,2026-02-01,335,157,inspection
ML0716,MCH003,2026-03-21,431,95,inspection
ML0717,MCH001,2026-02-20,444,75,setup
ML0718,MCH001,2026-03-01,403,171,inspection
ML0719,MCH002,2026-01-08,417,13,breakdown
ML0720,MCH006,2026-03-18,466,27,maintenance
ML0721,MCH008,2026-03-30,374,144,breakdown
ML0722,MCH010,2026-03-28,315,31,inspection
ML0723,MCH004,2026-03-08,313,179,setup
ML0724,MCH003,2026-01-29,443,126,setup
ML0725,MCH005,2026-01-01,377,160,power_issue
ML0726,MCH004,2026-01-15,459,176,maintenance
ML0727,MCH010,2026-01-16,300,39,inspection
ML0728,MCH004,2026-01-14,324,63,power_issue
ML0729,MCH008,2026-02-20,306,129,maintenance
ML0730,MCH007,2026-03-03,331,76,setup
ML0731,MCH005,2026-03-20,360,139,power_issue
ML0732,MCH002,2026-02-25,468,157,setup
ML0733,MCH003,2026-01-19,462,5,setup
ML0734,MCH009,2026-01-26,343,130,power_issue
ML0735,MCH005,2026-03-27,422,74,maintenance
ML0736,MCH006,2026-03-27,450,126,breakdown
ML0737,MCH002,2026-03-01,400,98,power_issue
ML0738,MCH001,2026-02-06,408,37,power_issue
ML0739,MCH007,2026-01-02,330,144,inspection
ML0740,MCH010,2026-02-26,377,8,maintenance
ML0741,MCH008,2026-02-28,390,35,breakdown
ML0742,MCH006,2026-03-06,302,40,inspection
ML0743,MCH009,2026-02-19,353,89,inspection
ML0744,MCH003,2026-02-15,316,44,inspection
ML0745,MCH003,2026-02-05,386,117,breakdown
ML0746,MCH008,2026-02-18,400,17,power_issue
ML0747,MCH003,2026-03-15,455,168,inspection
ML0748,MCH005,2026-01-17,468,134,breakdown
ML0749,MCH006,2026-03-16,450,148,inspection
ML0750,MCH001,2026-01-04,403,17,setup
ML0751,MCH002,2026-03-05,359,24,power_issue
ML0752,MCH004,2026-01-14,382,59,setup
ML0753,MCH002,2026-01-08,398,107,inspection
ML0754,MCH001,2026-01-10,364,29,power_issue
ML0755,MCH001,2026-01-23,395,155,breakdown
ML0756,MCH008,2026-02-18,327,178,setup
ML0757,MCH009,2026-01-26,463,146,setup
ML0758,MCH008,2026-03-28,364,125,breakdown
ML0759,MCH003,2026-02-25,357,51,inspection
ML0760,MCH010,2026-01-04,349,22,maintenance
ML0761,MCH003,2026-01-01,352,8,breakdown
ML0762,MCH009,2026-01-10,404,145,breakdown
ML0763,MCH009,2026-03-05,347,174,setup
ML0764,MCH008,2026-03-06,353,146,breakdown
ML0765,MCH009,2026-01-18,391,158,maintenance
ML0766,MCH007,2026-01-10,412,109,inspection
ML0767,MCH009,2026-02-08,320,32,maintenance
ML0768,MCH004,2026-01-07,330,127,inspection
ML0769,MCH001,2026-01-29,438,84,breakdown
ML0770,MCH006,2026-01-09,364,99,setup
ML0771,MCH009,2026-03-15,373,19,setup
ML0772,MCH009,2026-02-09,432,156,power_issue
ML0773,MCH009,2026-03-31,458,14,maintenance
ML0774,MCH005,2026-03-25,449,120,maintenance
ML0775,MCH007,2026-02-03,308,86,setup
ML0776,MCH003,2026-01-27,385,15,inspection
ML0777,MCH001,2026-01-31,384,169,power_issue
ML0778,MCH010,2026-03-31,318,144,maintenance
ML0779,MCH007,2026-03-18,388,18,inspection
ML0780,MCH008,2026-01-17,320,141,breakdown
ML0781,MCH001,2026-03-05,310,26,inspection
ML0782,MCH006,2026-02-25,357,166,power_issue
ML0783,MCH001,2026-01-08,377,58,maintenance
ML0784,MCH010,2026-02-18,350,136,maintenance
ML0785,MCH001,2026-02-19,441,123,power_issue
ML0786,MCH007,2026-03-31,478,32,power_issue
ML0787,MCH002,2026-02-26,440,35,maintenance
ML0788,MCH006,2026-01-25,457,94,breakdown
ML0789,MCH004,2026-01-30,411,14,maintenance
ML0790,MCH004,2026-02-22,450,2,inspection
ML0791,MCH001,2026-02-01,445,11,maintenance
ML0792,MCH003,2026-02-26,319,14,setup
ML0793,MCH006,2026-02-14,372,11,inspection
ML0794,MCH005,2026-01-17,467,62,inspection
ML0795,MCH002,2026-03-26,401,122,maintenance
ML0796,MCH009,2026-01-27,319,64,power_issue
ML0797,MCH004,2026-02-26,480,91,breakdown
ML0798,MCH005,2026-03-25,393,141,setup
ML0799,MCH006,2026-03-31,434,68,inspection
ML0800,MCH001,2026-02-14,428,26,power_issue
ML0801,MCH008,2026-02-05,480,159,maintenance
ML0802,MCH009,2026-01-30,352,35,breakdown
ML0803,MCH002,2026-02-17,441,53,setup
ML0804,MCH008,2026-03-25,309,60,power_issue
ML0805,MCH008,2026-01-05,329,5,breakdown
ML0806,MCH007,2026-02-08,371,150,maintenance
ML0807,MCH010,2026-02-19,315,71,power_issue
ML0808,MCH007,2026-02-26,304,97,maintenance
ML0809,MCH007,2026-01-24,357,52,power_issue
ML0810,MCH005,2026-01-05,436,13,inspection
ML0811,MCH010,2026-02-13,389,6,breakdown
ML0812,MCH001,2026-02-13,451,55,inspection
ML0813,MCH001,2026-01-14,411,109,inspection
ML0814,MCH005,2026-03-10,399,173,power_issue
ML0815,MCH010,2026-03-08,408,146,breakdown
ML0816,MCH008,2026-01-31,341,97,setup
ML0817,MCH005,2026-01-11,303,71,setup
ML0818,MCH006,2026-03-15,438,75,power_issue
ML0819,MCH005,2026-02-16,309,157,breakdown
ML0820,MCH010,2026-01-02,468,64,maintenance
ML0821,MCH006,2026-02-03,378,145,setup
ML0822,MCH001,2026-02-26,413,118,maintenance
ML0823,MCH006,2026-03-03,419,9,inspection
ML0824,MCH001,2026-03-16,355,104,maintenance
ML0825,MCH009,2026-02-10,370,156,maintenance
ML0826,MCH005,2026-02-05,412,46,breakdown
ML0827,MCH004,2026-03-22,426,32,setup
ML0828,MCH001,2026-01-30,337,158,maintenance
ML0829,MCH003,2026-03-29,467,9,inspection
ML0830,MCH006,2026-01-06,412,148,inspection
ML0831,MCH005,2026-02-02,358,15,maintenance
ML0832,MCH009,2026-01-06,473,90,inspection
ML0833,MCH002,2026-01-10,360,89,inspection
ML0834,MCH009,2026-01-10,413,28,setup
ML0835,MCH010,2026-02-17,352,83,power_issue
ML0836,MCH007,2026-02-06,318,164,setup
ML0837,MCH010,2026-02-16,306,83,breakdown
ML0838,MCH006,2026-03-02,404,166,breakdown
ML0839,MCH003,2026-02-17,459,7,maintenance
ML0840,MCH010,2026-01-04,374,38,maintenance
ML0841,MCH006,2026-03-07,455,54,inspection
ML0842,MCH004,2026-02-18,448,88,inspection
ML0843,MCH003,2026-02-18,308,168,maintenance
ML0844,MCH010,2026-03-06,319,57,inspection
ML0845,MCH007,2026-03-10,461,140,maintenance
ML0846,MCH010,2026-03-02,435,13,inspection
ML0847,MCH006,2026-02-04,433,112,setup
ML0848,MCH004,2026-02-12,447,75,setup
ML0849,MCH008,2026-02-10,392,59,maintenance
ML0850,MCH008,2026-02-22,477,61,breakdown
ML0851,MCH009,2026-03-06,320,90,maintenance
ML0852,MCH008,2026-03-19,392,167,setup
ML0853,MCH004,2026-03-14,414,107,setup
ML0854,MCH007,2026-03-28,437,62,inspection
ML0855,MCH010,2026-02-03,470,35,breakdown
ML0856,MCH002,2026-01-11,387,80,power_issue
ML0857,MCH003,2026-03-15,407,129,power_issue
ML0858,MCH003,2026-02-28,461,50,maintenance
ML0859,MCH007,2026-02-03,342,30,inspection
ML0860,MCH003,2026-01-05,420,25,power_issue
ML0861,MCH003,2026-01-10,306,176,setup
ML0862,MCH007,2026-02-24,431,135,breakdown
ML0863,MCH009,2026-01-31,332,102,breakdown
ML0864,MCH006,2026-03-17,330,86,inspection
ML0865,MCH001,2026-01-10,457,27,breakdown
ML0866,MCH008,2026-02-25,414,104,breakdown
ML0867,MCH003,2026-01-24,422,179,inspection
ML0868,MCH003,2026-01-01,430,21,inspection
ML0869,MCH008,2026-02-18,451,94,breakdown
ML0870,MCH009,2026-03-17,412,45,breakdown
ML0871,MCH005,2026-03-05,324,59,breakdown
ML0872,MCH009,2026-03-09,312,144,inspection
ML0873,MCH005,2026-02-11,430,109,power_issue
ML0874,MCH003,2026-01-06,381,45,setup
ML0875,MCH005,2026-03-15,410,132,inspection
ML0876,MCH006,2026-02-06,380,25,setup
ML0877,MCH005,2026-03-04,330,73,power_issue
ML0878,MCH005,2026-02-03,357,43,inspection
ML0879,MCH005,2026-01-19,327,59,maintenance
ML0880,MCH009,2026-01-22,352,141,maintenance
ML0881,MCH009,2026-03-10,453,10,setup
ML0882,MCH001,2026-02-17,301,125,setup
ML0883,MCH007,2026-02-26,372,146,inspection
ML0884,MCH005,2026-01-15,332,116,maintenance
ML0885,MCH008,2026-02-03,413,110,maintenance
ML0886,MCH002,2026-02-15,335,71,maintenance
ML0887,MCH006,2026-01-21,356,19,inspection
ML0888,MCH008,2026-03-22,385,70,inspection
ML0889,MCH006,2026-01-05,472,18,power_issue
ML0890,MCH009,2026-02-10,325,180,setup
ML0891,MCH001,2026-03-23,442,169,maintenance
ML0892,MCH010,2026-02-18,362,35,setup
ML0893,MCH005,2026-03-02,472,50,setup
ML0894,MCH008,2026-02-06,424,47,setup
ML0895,MCH002,2026-03-08,350,162,setup
ML0896,MCH002,2026-03-04,300,111,inspection
ML0897,MCH003,2026-01-05,456,53,power_issue
ML0898,MCH010,2026-02-18,476,67,inspection
ML0899,MCH006,2026-03-03,360,163,inspection
ML0900,MCH005,2026-01-30,468,46,breakdown
ML0901,MCH008,2026-03-22,471,124,power_issue
ML0902,MCH009,2026-03-03,453,91,breakdown
ML0903,MCH002,2026-02-06,324,56,power_issue
ML0904,MCH004,2026-03-26,414,83,power_issue
ML0905,MCH008,2026-02-10,329,45,maintenance
ML0906,MCH007,2026-04-01,388,178,setup
ML0907,MCH010,2026-02-22,423,125,setup
ML0908,MCH005,2026-03-06,307,74,setup
ML0909,MCH009,2026-02-11,404,15,breakdown
ML0910,MCH007,2026-02-20,472,81,power_issue
ML0911,MCH005,2026-01-07,408,102,breakdown
ML0912,MCH006,2026-03-23,424,56,maintenance
ML0913,MCH007,2026-01-29,378,114,inspection
ML0914,MCH004,2026-03-22,342,137,maintenance
ML0915,MCH006,2026-01-17,457,156,inspection
ML0916,MCH001,2026-02-18,438,5,maintenance
ML0917,MCH006,2026-03-12,480,85,maintenance
ML0918,MCH009,2026-01-27,467,12,breakdown
ML0919,MCH003,2026-03-10,437,50,power_issue
ML0920,MCH003,2026-02-17,358,74,breakdown
ML0921,MCH009,2026-02-01,405,55,maintenance
ML0922,MCH009,2026-01-14,309,5,inspection
ML0923,MCH001,2026-01-21,401,124,breakdown
ML0924,MCH004,2026-03-22,377,6,setup
ML0925,MCH002,2026-02-18,308,69,power_issue
ML0926,MCH002,2026-01-10,333,69,maintenance
ML0927,MCH007,2026-01-03,429,180,maintenance
ML0928,MCH003,2026-01-13,438,154,inspection
ML0929,MCH010,2026-02-09,400,49,breakdown
ML0930,MCH001,2026-02-08,408,131,breakdown
ML0931,MCH002,2026-02-03,417,51,inspection
ML0932,MCH005,2026-02-24,420,96,maintenance
ML0933,MCH009,2026-02-05,356,104,power_issue
ML0934,MCH009,2026-03-06,372,179,setup
ML0935,MCH008,2026-02-20,397,4,breakdown
ML0936,MCH008,2026-01-29,439,27,inspection
ML0937,MCH004,2026-02-27,306,101,breakdown
ML0938,MCH002,2026-03-24,422,144,breakdown
ML0939,MCH002,2026-01-13,385,36,inspection
ML0940,MCH008,2026-03-17,343,53,setup
ML0941,MCH007,2026-03-20,321,36,power_issue
ML0942,MCH004,2026-01-08,433,145,power_issue
ML0943,MCH005,2026-02-13,364,105,setup
ML0944,MCH010,2026-03-18,309,82,power_issue
ML0945,MCH004,2026-03-13,301,68,power_issue
ML0946,MCH006,2026-03-25,439,127,setup
ML0947,MCH008,2026-03-07,382,118,inspection
ML0948,MCH007,2026-03-31,320,26,maintenance
ML0949,MCH001,2026-01-21,396,32,inspection
ML0950,MCH004,2026-02-26,331,42,maintenance
ML0951,MCH008,2026-01-22,309,108,inspection
ML0952,MCH009,2026-02-23,424,35,power_issue
ML0953,MCH002,2026-02-25,302,75,breakdown
ML0954,MCH009,2026-02-11,473,69,inspection
ML0955,MCH003,2026-01-19,395,144,breakdown
ML0956,MCH004,2026-03-20,433,175,breakdown
ML0957,MCH005,2026-03-02,432,154,power_issue
ML0958,MCH003,2026-01-22,353,84,inspection
ML0959,MCH006,2026-02-23,421,2,setup
ML0960,MCH002,2026-01-01,338,120,breakdown
ML0961,MCH004,2026-03-30,479,48,maintenance
ML0962,MCH006,2026-01-13,437,117,maintenance
ML0963,MCH010,2026-01-21,459,119,maintenance
ML0964,MCH009,2026-01-29,389,162,breakdown
ML0965,MCH004,2026-02-05,460,3,breakdown
ML0966,MCH005,2026-02-17,409,149,inspection
ML0967,MCH009,2026-03-11,403,65,setup
ML0968,MCH003,2026-01-14,319,151,setup
ML0969,MCH005,2026-03-14,371,45,maintenance
ML0970,MCH010,2026-03-24,332,133,power_issue
ML0971,MCH010,2026-03-19,384,147,breakdown
ML0972,MCH008,2026-01-27,457,171,setup
ML0973,MCH004,2026-01-12,300,59,inspection
ML0974,MCH003,2026-03-02,337,36,maintenance
ML0975,MCH001,2026-01-18,382,19,inspection
ML0976,MCH008,2026-02-11,412,108,breakdown
ML0977,MCH004,2026-03-13,428,30,power_issue
ML0978,MCH008,2026-02-15,396,98,breakdown
ML0979,MCH009,2026-01-11,433,81,inspection
ML0980,MCH005,2026-01-19,354,42,power_issue
ML0981,MCH008,2026-03-30,443,113,breakdown
ML0982,MCH009,2026-02-25,475,30,breakdown
ML0983,MCH006,2026-03-01,345,6,breakdown
ML0984,MCH010,2026-03-13,408,54,setup
ML0985,MCH003,2026-01-02,397,95,setup
ML0986,MCH009,2026-01-25,413,92,maintenance
ML0987,MCH006,2026-01-13,450,79,breakdown
ML0988,MCH001,2026-03-19,364,128,breakdown
ML0989,MCH005,2026-03-24,308,165,power_issue
ML0990,MCH005,2026-02-05,401,11,maintenance
ML0991,MCH008,2026-03-19,446,7,power_issue
ML0992,MCH008,2026-03-24,425,44,inspection
ML0993,MCH006,2026-01-04,326,9,inspection
ML0994,MCH003,2026-01-17,339,180,maintenance
ML0995,MCH001,2026-02-26,407,30,maintenance
ML0996,MCH009,2026-02-05,380,24,setup
ML0997,MCH001,2026-02-12,467,157,breakdown
ML0998,MCH006,2026-03-08,343,150,maintenance
ML0999,MCH007,2026-03-27,470,103,maintenance
ML1000,MCH009,2026-01-19,316,49,breakdown
